{
  
"Aguascalientes":"Aguascalientes",
"Baja California Sur":"Hermosillo",
"Baja California":"Hermosillo",
"Campeche":"Mérida",
"Chiapas":"Tabasco",
"Chihuahua - Chihuahua (ciudad)":"Chihuahua",
"Chihuahua - Ciudad Juárez (ciudad)":"Chihuahua",
"Ciudad de México - Centro Universitario Incarnate Word (CIW)" :"UP",
"Ciudad de México - Centro de Estudio en Ciencias de la Comunicación (CECC)":"UP",
"Ciudad de México - EBC Campus Reforma":"ITESM CEM",
"Ciudad de México - IPN":"IPN",
"Ciudad de México - ITAM":"ITAM",
"Ciudad de México - ITESM Campus Ciudad de México":"ITESM CEM",
"Ciudad de México - ITESM Campus Santa Fe":"ITESM Santa Fe",
"Ciudad de México - UAM Azcapotzalco":"IPN",
"Ciudad de México - UAM Xochimilco":"UNAM",
"Ciudad de México - UNAM":"UNAM",
"Ciudad de México - UNITEC":"IPN",
"Ciudad de México - Universidad Anáhuac México Norte" :"ITESM Santa Fe",
"Ciudad de México - Universidad Anáhuac México Sur" :"ITAM",
"Ciudad de México - Universidad Iberoamericana":"ITAM",
"Ciudad de México - Universidad Intercontinental (UIC)":"UP",
"Ciudad de México - Universidad La Salle Condesa":"ULSA",
"Ciudad de México - Universidad La Salle Facultad de Medicina" :"ULSA",
"Ciudad de México - Universidad Panamericana" :"UP",
"Coahuila":"La Laguna",
"Colima":"Guadalajara",
"Durango":"La Laguna",
"English City - Ciudad de México":"ULSA" ,
"Estado de México - Campus Universitario Siglo XXI":"ITESM Toluca",
"Estado de México - Colegio Mexiquense":"ITESM Toluca",
"Estado de México - EBC Campus Tlalnepantla":"ITESM CEM",
"Estado de México - EBC Campus Toluca":"UAEMEX",
"Estado de México - ITESM Campus Estado de México" :"ITESM CEM",
"Estado de México - ITESM Toluca":"ITESM Toluca",
"Estado de México - Instituto Tecnológico de Toluca" :"UAEMEX",
"Estado de México - Instituto Universitario Franco Inglés de México":"UAEMEX" ,
"Estado de México - Tec Milenio Campus Toluca":"UAEMEX" ,
"Estado de México - UAEMEX":"UAEMEX",
"Estado de México - UMIN":"ITESM Toluca",
"Estado de México - UNAM":"UNAM",
"Estado de México - UNITEC Campus Toluca":"UAEMEX"  ,
"Estado de México - UVM":"ITESM Toluca" ,
"Estado de México - Universidad La Salle Nezahualcóyotl" :"ULSA",
"Generación Respuesta" :"ITESM Toluca",
"Guanajuato - Celaya (ciudad)":"Guanajuato",
"Guanajuato - Guanajuato (ciudad)":"Guanajuato",
"Guanajuato - Irapuato (ciudad)":"Guanajuato" ,
"Guanajuato - León (ciudad)":"León",
"Guanajuato - Moroleón (ciudad)":"Guanajuato" ,
"Guanajuato - Silao (ciudad)":"León",
"Guanajuato - Uriangato (ciudad)" :"Guanajuato",
"Guerrero":"Cuernavaca",
"Hidalgo":"IPN",
"INGLESCO - Ciudad de México":"UNAM" ,
"INGLESCO - León / Silao":"León" ,
"Jalisco":"Guadalajara",
"Linguatec - Aguascalientes":"Aguascalientes",
"Linguatec - Estado de México" :"ITESM Toluca",
"Linguatec - Guanajuato":"León" ,
"Linguatec - Jalisco":"Guadalajara" ,
"Linguatec - Morelos":"Cuernavaca",
"Linguatec - San Luis Potosí":"León",
"Linguatec - Sinaloa":"Sinaloa",
"Linguatec - Sonora":"Hermosillo",
"Linguatec - Tabasco":"Tabasco" ,
"Michoacan":"Guanajuato",
"Morelos" :"Cuernavaca",
"Nayarit" :"Guadalajara",
"Nuevo León - ITESM Monterrey":"ITESM Monterrey",
"Nuevo León - Tec Milenio Monterrey":"ITESM Monterrey",
"Nuevo León - Universidad Autónoma de Nuevo León":"ITESM Monterrey",
"Nuevo León - Universidad Regiomontana":"ITESM Monterrey",
"Nuevo León - Universidad de Monterrey":"UDEM",
"Oaxaca":"Oaxaca",
"Puebla":"Puebla",
"Querétaro":"Querétaro",
"Quest English (cualquier estado)" :"ITESM Santa Fe",
"Quintana Roo":"Mérida" ,
"San Luis Potosí":"Guanajuato",
"Sinaloa - Culiacán (ciudad)" :"Sinaloa",
"Sinaloa - Los Mochis (ciudad)" :"Sinaloa",
"Sonora - Ciudad Obregón (ciudad)":"Hermosillo",
"Sonora - Hermosillo (ciudad)" :"Hermosillo",
"Tabasco" :"Tabasco",
"Tamaulipas - Ciudad Victoria (ciudad)":"Tampico",
"Tamaulipas - Tampico (ciudad)" :"Tampico",
"Texas - El Paso" :"Chihuahua",
"Veracruz - Poza Rica (ciudad)":"Veracruz",
"Veracruz - Xalapa (ciudad)" :"Veracruz",
"Yucatán":"Mérida",
"Zacatecas" :"ITESM Monterrey"
}
